                  epoch,         train/box_loss,         train/seg_loss,         train/cls_loss,         train/dfl_loss,   metrics/precision(B),      metrics/recall(B),       metrics/mAP50(B),    metrics/mAP50-95(B),   metrics/precision(M),      metrics/recall(M),       metrics/mAP50(M),    metrics/mAP50-95(M),           val/box_loss,           val/seg_loss,           val/cls_loss,           val/dfl_loss,                 lr/pg0,                 lr/pg1,                 lr/pg2
                      1,                 1.4582,                 3.2255,                 3.8228,                 1.0454,                0.06153,                0.08679,                0.05352,                0.02277,                0.06016,                0.08684,                0.04922,                0.01985,                 1.1672,                 2.9076,                 3.7805,                0.90819,             0.00032867,             0.00032867,             0.00032867
                      2,                  1.419,                 2.7475,                 3.0414,                0.94205,                0.16344,                0.20117,                0.14328,                0.06644,                0.14436,                0.18243,                0.12088,                0.05667,                 1.4094,                 2.6283,                  3.378,                0.92028,             0.00066831,             0.00066831,             0.00066831
                      3,                 1.5066,                 2.6475,                  2.617,                0.93665,                0.29579,                0.37912,                0.28759,                0.15643,                0.25349,                0.32347,                0.24423,                0.12562,                 1.4945,                 2.6459,                 2.5038,                0.93105,              0.0010045,              0.0010045,              0.0010045
                      4,                  1.471,                 2.5814,                 2.3086,                0.93474,                0.36131,                0.42331,                0.33619,                0.20727,                0.33274,                 0.3501,                0.28499,                0.16241,                   1.39,                 2.5886,                 2.1803,                0.92103,              0.0013374,              0.0013374,              0.0013374
                      5,                 1.5371,                 2.6239,                 2.1743,                0.93454,                0.43114,                0.46313,                0.38514,                0.25157,                0.37824,                 0.3966,                0.31941,                0.18011,                 1.4113,                 2.8528,                 1.9119,                 0.9258,              0.0014007,              0.0014007,              0.0014007
                      6,                 1.5801,                 2.6402,                 2.0474,                0.93358,                0.44597,                0.50246,                0.42142,                0.28062,                0.39109,                0.41348,                0.33855,                0.18257,                 1.3418,                 2.6321,                 1.8402,                0.91647,              0.0014007,              0.0014007,              0.0014007
                      7,                 1.4749,                 2.4783,                 1.8743,                0.92795,                0.49763,                0.53864,                0.46436,                0.28879,                0.44722,                0.44966,                0.38402,                0.20674,                 1.3946,                 2.6356,                 1.6305,                0.91499,              0.0013936,              0.0013936,              0.0013936
                      8,                 1.4753,                 2.5009,                  1.757,                0.92433,                0.51985,                0.56565,                0.48826,                0.31798,                0.46409,                0.47897,                0.40809,                0.22083,                 1.2768,                  2.548,                 1.5289,                0.89671,              0.0013866,              0.0013866,              0.0013866
                      9,                 1.4151,                 2.4022,                 1.6289,                0.91561,                0.56793,                0.59612,                0.54693,                0.37645,                0.47851,                0.49184,                0.42716,                0.22662,                 1.1804,                 2.4793,                 1.3887,                0.88328,              0.0013795,              0.0013795,              0.0013795
                     10,                 1.3344,                 2.4344,                  1.523,                0.90593,                0.57299,                0.60362,                0.55604,                0.38442,                0.48818,                0.49772,                0.44333,                 0.2417,                 1.1609,                 2.5483,                 1.3944,                0.88654,              0.0013724,              0.0013724,              0.0013724
                     11,                 1.3549,                  2.363,                 1.4668,                0.90778,                 0.6102,                0.60226,                0.57934,                0.39297,                0.52327,                0.49781,                0.46061,                0.23585,                 1.1888,                 2.2906,                 1.2945,                0.88612,              0.0013653,              0.0013653,              0.0013653
                     12,                 1.3303,                 2.3572,                 1.4367,                0.91517,                0.60589,                 0.6171,                0.58347,                0.38758,                0.55375,                 0.5258,                0.49507,                0.27954,                 1.2297,                 2.5981,                 1.3014,                0.89149,              0.0013583,              0.0013583,              0.0013583
                     13,                 1.3129,                 2.4095,                 1.3978,                0.90944,                0.62262,                0.59697,                0.58095,                0.40873,                0.56006,                0.49199,                0.47355,                0.25177,                  1.132,                 2.2826,                 1.2406,                0.88589,              0.0013512,              0.0013512,              0.0013512
                     14,                 1.3652,                 2.3411,                 1.4117,                0.91424,                0.62643,                0.61962,                 0.5976,                0.41043,                0.53984,                0.48509,                0.46413,                0.23243,                 1.1428,                 2.2081,                 1.2486,                0.88396,              0.0013441,              0.0013441,              0.0013441
                     15,                 1.2967,                 2.3476,                 1.3587,                0.90543,                 0.6126,                0.63739,                0.60446,                0.41329,                0.52688,                0.52316,                0.47965,                0.26179,                 1.0996,                 2.3685,                 1.2629,                0.87911,               0.001337,               0.001337,               0.001337
                     16,                 1.2646,                 2.3032,                 1.3084,                0.90581,                0.61607,                0.62805,                0.60635,                0.42424,                0.54466,                0.51412,                0.49041,                0.26696,                 1.0834,                 2.2569,                 1.2289,                0.88195,                0.00133,                0.00133,                0.00133
                     17,                 1.2503,                  2.263,                 1.2917,                0.90918,                0.62382,                0.62343,                0.61665,                0.42837,                0.54179,                0.50136,                   0.49,                0.25732,                 1.1043,                 2.2982,                 1.2053,                0.88267,              0.0013229,              0.0013229,              0.0013229
                     18,                 1.2669,                 2.3475,                 1.2797,                0.90439,                0.62267,                0.63008,                0.62191,                0.43969,                0.54301,                0.49695,                0.48927,                0.27016,                 1.0701,                 2.2953,                 1.1939,                0.87648,              0.0013158,              0.0013158,              0.0013158
                     19,                 1.2007,                 2.2865,                 1.2573,                 0.9016,                0.63756,                  0.634,                0.63132,                0.45801,                0.56057,                0.50727,                0.50766,                0.28013,                 1.0154,                 2.1667,                 1.1421,                0.87198,              0.0013087,              0.0013087,              0.0013087
                     20,                 1.1358,                 2.1878,                 1.2339,                0.89902,                0.64206,                0.64207,                0.63901,                0.47325,                 0.5653,                0.52455,                0.51985,                0.28835,                0.95988,                 2.1897,                 1.1232,                0.86511,              0.0013017,              0.0013017,              0.0013017
                     21,                 1.1503,                 2.2161,                 1.2235,                0.89965,                0.63262,                0.63423,                0.63722,                0.46127,                0.55157,                0.49987,                0.49562,                0.27092,                 1.0001,                 2.2334,                 1.1275,                0.87038,              0.0012946,              0.0012946,              0.0012946
                     22,                 1.1201,                 2.2235,                 1.1808,                0.89224,                0.65093,                 0.6346,                0.65221,                0.47876,                0.56875,                0.50341,                0.51673,                0.28734,                0.96873,                  2.238,                  1.117,                0.86529,              0.0012875,              0.0012875,              0.0012875
                     23,                 1.1709,                 2.2366,                 1.1512,                0.88664,                0.67529,                0.62966,                0.67766,                0.49784,                   0.59,                0.51143,                0.54494,                0.29806,                0.94928,                 2.1518,                 1.0686,                0.86242,              0.0012805,              0.0012805,              0.0012805
                     24,                 1.1322,                  2.185,                 1.1448,                0.88947,                0.66915,                0.62314,                0.67492,                0.48785,                 0.5893,                0.48463,                0.52581,                0.28036,                0.99804,                 2.1713,                 1.0637,                0.86914,              0.0012734,              0.0012734,              0.0012734
                     25,                 1.1409,                 2.2097,                 1.1115,                 0.8852,                0.65295,                0.62196,                0.66598,                0.47841,                0.56127,                0.48248,                0.50915,                0.27646,                0.99363,                  2.274,                 1.0641,                0.86676,              0.0012663,              0.0012663,              0.0012663
                     26,                 1.1095,                 2.2243,                 1.1015,                 0.8861,                0.66528,                0.61732,                0.67253,                0.50172,                0.58044,                0.49923,                0.53696,                0.29885,                0.92642,                 2.1917,                 1.0579,                0.86307,              0.0012592,              0.0012592,              0.0012592
                     27,                 1.1185,                    2.2,                  1.087,                0.88695,                 0.6385,                0.61116,                0.65944,                0.48383,                0.56389,                0.48834,                0.53264,                0.29127,                0.95925,                 2.2025,                 1.0696,                0.86484,              0.0012522,              0.0012522,              0.0012522
                     28,                  1.055,                 2.2512,                 1.0908,                0.87607,                0.64544,                0.61621,                0.66671,                0.49047,                0.56385,                0.49804,                0.53613,                0.29447,                0.95246,                 2.2539,                 1.0793,                0.86374,              0.0012451,              0.0012451,              0.0012451
                     29,                 1.0704,                 2.0977,                 1.0757,                0.88779,                0.69143,                0.62189,                0.68956,                0.51987,                0.60423,                 0.5088,                0.55508,                0.30991,                0.90454,                 2.0849,                 1.0263,                0.85637,               0.001238,               0.001238,               0.001238
                     30,                 1.0482,                 2.1612,                 1.0415,                0.87804,                0.68486,                0.62837,                0.69006,                0.50569,                 0.6022,                0.49119,                0.54845,                0.29168,                 0.9768,                 2.1096,                  1.025,                0.86486,              0.0012309,              0.0012309,              0.0012309
                     31,                 1.0806,                  2.153,                 1.0427,                0.87839,                 0.6923,                0.62778,                0.68849,                0.52173,                0.61058,                0.50799,                0.55233,                0.30212,                 0.8735,                  2.199,                0.99796,                 0.8564,              0.0012239,              0.0012239,              0.0012239
                     32,                 1.0562,                 2.1608,                 1.0427,                0.88258,                0.70253,                0.63401,                0.69097,                0.51853,                 0.6108,                0.52545,                0.55818,                0.30565,                0.89012,                 2.1107,                0.96151,                0.86043,              0.0012168,              0.0012168,              0.0012168
                     33,                 1.0761,                 2.1109,                 1.0215,                0.87854,                0.68071,                0.60538,                0.66845,                0.48771,                0.59496,                0.47909,                0.52692,                0.28219,                0.96987,                 2.1287,                0.97492,                0.86336,              0.0012097,              0.0012097,              0.0012097
                     34,                 1.1013,                 2.1387,                  1.033,                0.88024,                0.70668,                0.63723,                0.70336,                0.53458,                0.62884,                0.51728,                0.56984,                0.33055,                0.89499,                 2.1864,                0.96475,                0.85515,              0.0012026,              0.0012026,              0.0012026
                     35,                 1.0937,                 2.1189,                 1.0405,                0.88906,                0.70673,                0.65329,                0.71819,                0.54197,                0.62721,                0.53383,                0.58702,                0.31694,                0.89701,                 2.0188,                0.96374,                0.86077,              0.0011956,              0.0011956,              0.0011956
                     36,                 1.0369,                 2.0515,                 1.0038,                0.87901,                0.72111,                0.65872,                0.72577,                0.52407,                0.62381,                0.52839,                 0.5769,                0.29863,                0.97285,                 2.1306,                0.97343,                0.86277,              0.0011885,              0.0011885,              0.0011885
                     37,                0.99179,                 2.0782,                0.99137,                0.87427,                0.72759,                0.65706,                0.72458,                0.54875,                0.64198,                 0.5299,                0.58398,                0.31898,                  0.864,                 2.0767,                0.93905,                0.85147,              0.0011814,              0.0011814,              0.0011814
                     38,                 1.0298,                 2.1118,                 0.9848,                0.87418,                 0.7373,                0.62933,                 0.7157,                 0.5441,                 0.6322,                0.51295,                0.56861,                0.30687,                0.85768,                  2.049,                 0.9378,                0.85245,              0.0011744,              0.0011744,              0.0011744
                     39,                 1.0274,                 2.0801,                0.97052,                0.87042,                0.70146,                0.64042,                0.70841,                 0.5341,                0.61048,                0.51412,                0.56822,                0.31918,                0.90436,                 2.1102,                0.94325,                0.85612,              0.0011673,              0.0011673,              0.0011673
                     40,                 1.0988,                 2.1509,                 1.0002,                0.87231,                0.70945,                0.62696,                0.70215,                0.51434,                0.59892,                0.50499,                 0.5524,                0.29474,                0.93881,                 2.0842,                0.97212,                0.86169,              0.0011602,              0.0011602,              0.0011602
                     41,                 1.1119,                 2.0696,                 1.0053,                0.87618,                0.70355,                  0.608,                0.69091,                0.52859,                0.62323,                  0.499,                0.56335,                0.31343,                0.86845,                 2.1496,                0.97871,                0.85279,              0.0011531,              0.0011531,              0.0011531
                     42,                 1.0346,                 2.1263,                 1.0052,                0.87562,                0.70213,                0.64928,                0.71779,                0.54102,                0.62533,                0.53487,                 0.5922,                0.32823,                0.88265,                 2.2033,                0.96725,                0.85442,              0.0011461,              0.0011461,              0.0011461
                     43,                  1.004,                 2.0892,                0.97767,                0.87177,                0.71834,                0.61922,                0.70333,                0.52505,                0.62988,                0.48904,                  0.556,                0.29412,                0.91313,                 2.0554,                0.92812,                0.86038,               0.001139,               0.001139,               0.001139
                     44,                 1.0573,                 2.0603,                0.98593,                0.87372,                0.73643,                0.66049,                0.73285,                0.56527,                0.63961,                0.52503,                0.58265,                0.32248,                0.83214,                 2.0067,                0.90242,                0.85051,              0.0011319,              0.0011319,              0.0011319
                     45,                 1.0422,                  2.081,                0.95764,                0.86791,                0.73022,                0.67543,                 0.7422,                 0.5574,                0.63192,                0.53262,                0.57686,                0.30847,                0.85721,                 2.1271,                0.96188,                0.85149,              0.0011248,              0.0011248,              0.0011248
                     46,                 1.0076,                 2.0036,                0.96474,                0.87089,                0.74832,                0.67591,                0.74861,                0.55176,                0.62393,                0.53696,                0.57586,                0.30242,                 0.9032,                 2.0464,                0.93439,                0.85618,              0.0011178,              0.0011178,              0.0011178
                     47,                 1.0292,                  2.071,                0.99502,                0.86974,                0.73198,                0.65105,                0.72783,                0.56437,                0.65443,                0.52508,                0.59536,                0.34621,                0.82723,                 2.0546,                0.90703,                0.84915,              0.0011107,              0.0011107,              0.0011107
                     48,                 0.9808,                  2.053,                0.97251,                0.86618,                0.69338,                0.61747,                0.70046,                0.54434,                0.62768,                0.50762,                0.57901,                0.33594,                0.83438,                 2.1656,                0.95894,                0.84954,              0.0011036,              0.0011036,              0.0011036
                     49,                 0.9515,                 2.0488,                0.95054,                0.86985,                0.74362,                0.63075,                0.71694,                 0.5409,                 0.6504,                0.50565,                0.57217,                0.31229,                0.89971,                 2.0419,                0.91521,                0.85407,              0.0010965,              0.0010965,              0.0010965
                     50,                 1.0155,                 2.0071,                0.96604,                0.87405,                 0.7436,                0.65843,                0.74217,                0.56412,                0.66291,                0.52993,                  0.603,                0.33514,                0.87664,                 2.0056,                 0.8964,                0.85317,              0.0010895,              0.0010895,              0.0010895
                     51,                0.97739,                 1.9693,                0.93993,                0.86771,                0.73085,                0.64979,                0.72817,                0.55956,                0.66244,                0.52149,                0.59558,                0.33203,                0.84426,                 2.0448,                0.92685,                0.84912,              0.0010824,              0.0010824,              0.0010824
                     52,                 1.0396,                 2.0161,                0.94835,                0.86607,                0.71048,                0.64417,                0.71599,                0.53676,                0.60533,                0.51683,                0.56453,                0.29701,                0.87422,                 2.0844,                0.95274,                0.85239,              0.0010753,              0.0010753,              0.0010753
                     53,                0.95885,                 1.9989,                0.94237,                0.86726,                0.74615,                0.65372,                0.73554,                0.55053,                0.65094,                0.52935,                0.58685,                0.32684,                0.88542,                  2.114,                0.90884,                0.85094,              0.0010682,              0.0010682,              0.0010682
                     54,                 0.9736,                  2.004,                0.91672,                0.86637,                0.73622,                0.65612,                0.72879,                0.54949,                0.63308,                0.52615,                0.58134,                0.31783,                0.87706,                  2.025,                0.88616,                0.85345,              0.0010612,              0.0010612,              0.0010612
                     55,                0.97665,                 2.0158,                0.92664,                0.86907,                0.73904,                0.68943,                0.75579,                0.58149,                0.63894,                0.54606,                0.59859,                 0.3259,                 0.8129,                 2.0037,                0.87805,                0.84806,              0.0010541,              0.0010541,              0.0010541
                     56,                0.99526,                 1.9502,                 0.9172,                0.86666,                0.76542,                0.68266,                0.76285,                0.58086,                0.65826,                0.54634,                0.59952,                0.32707,                0.84203,                 2.0331,                0.88169,                0.84763,               0.001047,               0.001047,               0.001047
                     57,                  1.035,                 2.0357,                0.94045,                0.86607,                 0.7496,                0.68093,                 0.7545,                0.56546,                0.64415,                0.53941,                0.59121,                0.30663,                 0.8606,                 1.9643,                0.90158,                0.84948,                0.00104,                0.00104,                0.00104
                     58,                0.97751,                 1.9519,                0.92885,                0.86668,                0.74729,                0.65611,                0.73904,                0.56783,                 0.6729,                0.52961,                0.60347,                0.33212,                0.82858,                 1.9889,                0.89349,                0.84735,              0.0010329,              0.0010329,              0.0010329
                     59,                0.93713,                 1.8931,                 0.8848,                0.85602,                0.76606,                0.65391,                0.73864,                0.57385,                0.65288,                 0.5302,                0.58901,                0.32727,                0.82022,                 1.9916,                0.87185,                0.84645,              0.0010258,              0.0010258,              0.0010258
                     60,                0.97073,                 1.9669,                0.92079,                0.86309,                0.75072,                0.65903,                0.74318,                 0.5772,                0.65057,                0.53349,                0.59556,                0.33022,                0.81275,                 2.0178,                0.87297,                0.84549,              0.0010187,              0.0010187,              0.0010187
                     61,                0.92829,                 2.0423,                0.92067,                0.86333,                0.76207,                0.67806,                0.75889,                0.58846,                0.67319,                0.56152,                0.61838,                0.34813,                0.82421,                 2.0384,                0.88425,                0.84508,              0.0010117,              0.0010117,              0.0010117
                     62,                0.95214,                 1.9623,                0.90529,                0.86161,                0.76521,                0.67049,                0.75103,                0.57628,                0.66487,                0.54569,                0.60232,                0.32477,                0.83962,                 2.0082,                 0.8688,                 0.8497,              0.0010046,              0.0010046,              0.0010046
                     63,                0.96074,                 1.9818,                0.90947,                0.86135,                0.74789,                0.66391,                0.74401,                 0.5725,                0.65155,                0.53025,                0.59002,                0.32389,                0.83072,                 1.9976,                0.86699,                0.84668,             0.00099751,             0.00099751,             0.00099751
                     64,                0.98171,                 2.0089,                0.90467,                0.86409,                0.74792,                0.63263,                0.73031,                0.56667,                0.64422,                0.52119,                0.58579,                0.32336,                0.81711,                  2.009,                0.89659,                0.84692,             0.00099044,             0.00099044,             0.00099044
                     65,                0.95845,                 2.0551,                0.91102,                0.85778,                0.75817,                0.65992,                0.74526,                0.57148,                0.68159,                0.53956,                0.60603,                0.33075,                0.83968,                  2.025,                0.89486,                0.84615,             0.00098337,             0.00098337,             0.00098337
                     66,                 1.0147,                 2.0058,                0.91111,                0.86267,                0.75885,                0.66003,                0.74509,                0.55711,                0.67375,                 0.5226,                0.59144,                0.31144,                0.89136,                  1.997,                0.88541,                0.84913,             0.00097629,             0.00097629,             0.00097629
                     67,                0.94927,                 1.9452,                0.89383,                0.85596,                0.74756,                0.64516,                 0.7335,                0.56846,                0.64637,                0.51442,                  0.582,                0.32926,                0.81347,                 1.9636,                0.87399,                0.84583,             0.00096922,             0.00096922,             0.00096922
                     68,                0.97438,                 1.9732,                0.89041,                0.86301,                0.75757,                0.68632,                0.76064,                0.59074,                0.64702,                 0.5533,                0.60303,                0.33822,                0.79655,                 2.0062,                0.86637,                0.84297,             0.00096215,             0.00096215,             0.00096215
                     69,                 1.0054,                 1.9669,                0.89667,                0.86426,                0.76981,                0.66471,                0.75494,                0.55885,                0.66351,                0.53674,                0.59292,                0.30365,                0.91524,                  2.055,                0.88412,                0.85249,             0.00095507,             0.00095507,             0.00095507
                     70,                0.97139,                 1.9527,                0.89678,                0.85895,                0.77848,                0.66511,                0.75904,                0.57299,                0.67164,                 0.5377,                0.59432,                0.30725,                 0.8545,                 1.9622,                0.86124,                0.84807,               0.000948,               0.000948,               0.000948
                     71,                0.95127,                 1.9215,                0.88428,                0.86254,                 0.7693,                0.67267,                0.75486,                0.59039,                0.66276,                0.54603,                0.60703,                0.35224,                0.81493,                 1.9559,                0.85639,                0.84674,             0.00094093,             0.00094093,             0.00094093
                     72,                0.96982,                 2.0034,                0.89542,                0.86744,                0.76446,                0.68331,                0.76541,                0.59818,                0.65508,                 0.5571,                0.61312,                0.34601,                0.79426,                 1.9427,                0.85695,                0.84421,             0.00093385,             0.00093385,             0.00093385
                     73,                0.99496,                 1.9377,                0.88822,                0.86294,                0.74798,                0.67134,                0.75028,                0.54581,                0.64271,                0.54519,                0.59304,                0.30438,                0.96551,                 2.1121,                0.91874,                0.86016,             0.00092678,             0.00092678,             0.00092678
                     74,                0.99724,                 1.9485,                0.89819,                0.86339,                0.75757,                 0.6835,                0.76089,                0.56819,                0.67068,                0.54564,                0.60449,                0.31913,                0.89218,                 2.0825,                0.90562,                0.84976,              0.0009197,              0.0009197,              0.0009197
                     75,                 1.0087,                 1.9551,                0.90179,                0.86463,                0.77318,                0.66661,                0.75609,                0.59434,                0.67736,                0.54663,                0.61285,                0.33764,                0.78534,                 1.9174,                0.85312,                0.84128,             0.00091263,             0.00091263,             0.00091263
                     76,                 1.0159,                 1.9554,                0.89496,                0.86264,                0.77222,                0.66722,                0.75686,                0.59035,                0.67633,                0.53136,                  0.603,                0.32726,                0.79988,                 1.9159,                0.84784,                0.84345,             0.00090556,             0.00090556,             0.00090556
                     77,                0.93962,                 1.8961,                0.87868,                0.85692,                0.77828,                0.69876,                0.78098,                0.59436,                0.67745,                0.56788,                0.62678,                0.33767,                0.86071,                 1.9799,                0.83871,                0.84622,             0.00089848,             0.00089848,             0.00089848
                     78,                 1.0256,                 2.0254,                0.88853,                 0.8608,                0.76904,                0.69675,                0.77154,                0.57605,                0.65798,                0.56486,                0.61561,                0.32161,                 0.9069,                 2.0053,                0.86486,                0.85231,             0.00089141,             0.00089141,             0.00089141
                     79,                0.96238,                 1.9504,                0.87945,                0.86248,                0.76866,                0.70006,                0.77212,                0.60364,                0.65907,                0.56437,                0.61556,                0.33705,                0.78734,                 1.9577,                 0.8382,                 0.8443,             0.00088434,             0.00088434,             0.00088434
                     80,                0.97587,                 1.9101,                0.86899,                0.86248,                0.77737,                0.68967,                0.77493,                0.61099,                0.67632,                0.55958,                0.61946,                 0.3502,                0.77091,                 1.9356,                0.82833,                 0.8407,             0.00087726,             0.00087726,             0.00087726
                     81,                0.94449,                 1.9186,                0.86196,                0.85763,                0.75572,                0.65555,                0.74058,                0.56459,                 0.6472,                0.52448,                0.58544,                0.30952,                0.86173,                 1.9842,                0.87425,                0.85422,             0.00087019,             0.00087019,             0.00087019
                     82,                0.95639,                 1.8738,                0.85927,                0.85446,                0.75381,                0.66934,                0.74878,                0.56603,                0.64699,                0.52955,                0.59005,                0.30558,                0.88331,                 1.9945,                0.86186,                0.85286,             0.00086312,             0.00086312,             0.00086312
                     83,                0.92805,                 1.8664,                0.85667,                 0.8588,                0.75613,                0.68241,                0.75891,                0.59336,                  0.669,                0.54091,                0.60579,                0.33494,                0.79208,                  1.973,                0.83326,                 0.8432,             0.00085604,             0.00085604,             0.00085604
                     84,                0.94622,                 1.9529,                0.86096,                0.85797,                0.76605,                  0.704,                0.77526,                0.59906,                 0.6517,                0.55709,                0.61123,                0.32779,                0.80132,                 1.9312,                0.82401,                0.84615,             0.00084897,             0.00084897,             0.00084897
                     85,                0.90691,                 1.8719,                0.85964,                 0.8609,                0.76327,                0.70691,                0.77799,                0.59447,                0.66344,                0.55955,                0.61432,                0.32347,                0.82384,                 1.9746,                0.82906,                0.84628,              0.0008419,              0.0008419,              0.0008419
                     86,                0.93336,                 1.8666,                0.84624,                0.85395,                0.76209,                0.69212,                 0.7724,                0.59606,                0.66709,                0.55085,                0.60859,                0.32756,                0.81399,                 1.9759,                0.84203,                0.84455,             0.00083482,             0.00083482,             0.00083482
                     87,                0.98114,                  2.014,                0.87765,                0.85478,                 0.7737,                0.70697,                0.78304,                0.60963,                0.68769,                0.55912,                0.62379,                0.34307,                0.78957,                 1.9529,                0.81718,                0.84141,             0.00082775,             0.00082775,             0.00082775
                     88,                0.88136,                 1.9092,                0.84569,                0.85471,                0.77434,                0.71361,                0.78251,                0.61284,                0.66141,                0.57646,                0.62712,                0.34998,                0.78572,                 1.9372,                 0.8074,                0.84123,             0.00082067,             0.00082067,             0.00082067
                     89,                 0.9112,                 1.8896,                0.84164,                0.85338,                0.78795,                0.68839,                0.77759,                0.60051,                0.67357,                0.55648,                 0.6153,                0.32909,                0.81433,                 1.9243,                0.81644,                0.84647,              0.0008136,              0.0008136,              0.0008136
                     90,                0.91222,                 1.7955,                0.81531,                0.85417,                0.75799,                0.68467,                0.76513,                0.59026,                0.67043,                0.54427,                0.60721,                0.32733,                0.81161,                 2.0225,                0.84676,                0.84673,             0.00080653,             0.00080653,             0.00080653
                     91,                0.92819,                  1.919,                0.85675,                0.86058,                0.77597,                0.69057,                0.77645,                0.60274,                0.67133,                0.55558,                0.61433,                0.33453,                0.77953,                 1.9244,                0.82924,                0.83942,             0.00079945,             0.00079945,             0.00079945
                     92,                0.92793,                 1.9105,                0.84809,                0.85437,                0.78191,                0.70359,                0.78223,                0.59914,                0.66382,                0.55305,                0.61156,                0.32365,                0.80998,                 1.9193,                0.83033,                0.84167,             0.00079238,             0.00079238,             0.00079238
                     93,                 0.9817,                 1.9644,                0.85929,                0.85529,                0.76105,                 0.6978,                 0.7745,                0.60297,                0.65913,                0.55695,                0.61742,                 0.3391,                0.78731,                 2.0041,                 0.8454,                0.84088,             0.00078531,             0.00078531,             0.00078531
                     94,                0.89418,                 1.8587,                0.82356,                0.85361,                0.76353,                0.69997,                 0.7763,                0.60546,                0.66626,                0.54661,                0.61151,                0.33446,                0.78451,                 2.0033,                0.82999,                0.84055,             0.00077823,             0.00077823,             0.00077823
                     95,                0.94131,                  1.855,                0.83402,                0.85753,                 0.7705,                0.71169,                0.78395,                0.59733,                0.65902,                0.56244,                0.61238,                0.32457,                0.82789,                 1.9541,                0.81917,                0.84455,             0.00077116,             0.00077116,             0.00077116
                     96,                0.89051,                 1.8255,                0.81513,                0.84863,                0.75785,                0.71918,                0.78247,                0.60945,                0.67035,                0.55731,                0.61463,                0.33116,                0.78479,                 1.9218,                0.80972,                0.84182,             0.00076409,             0.00076409,             0.00076409
                     97,                0.96547,                 1.8577,                0.82571,                0.85735,                0.76882,                0.70063,                0.77504,                0.60594,                0.67016,                0.53905,                0.60371,                0.32413,                0.78817,                 1.9315,                0.81682,                0.84349,             0.00075701,             0.00075701,             0.00075701
                     98,                0.89103,                 1.8802,                0.82972,                0.84914,                 0.7813,                0.70259,                0.77692,                0.59971,                0.66811,                0.55878,                0.61019,                0.32808,                0.80819,                 1.9715,                0.82527,                0.84327,             0.00074994,             0.00074994,             0.00074994
                     99,                 0.9109,                 1.8676,                0.82131,                0.85143,                0.78864,                0.69944,                0.78248,                 0.6118,                0.67898,                0.56032,                0.61951,                0.33877,                0.78417,                  1.982,                0.82122,                0.84122,             0.00074287,             0.00074287,             0.00074287
                    100,                0.95902,                 1.8673,                0.83804,                0.85311,                0.78442,                0.70758,                0.78613,                0.61851,                0.68065,                0.55323,                0.62166,                 0.3377,                0.76969,                 1.8951,                0.79349,                0.84081,             0.00073579,             0.00073579,             0.00073579
                    101,                0.91953,                 1.8256,                0.82546,                0.85448,                0.77787,                0.68716,                0.77676,                0.60113,                0.66452,                0.55826,                0.61094,                0.33532,                0.80602,                 1.9733,                0.81118,                0.84326,             0.00072872,             0.00072872,             0.00072872
                    102,                0.95506,                 1.8687,                0.83349,                0.85561,                0.77861,                 0.6939,                0.77791,                0.59894,                0.66559,                0.55327,                0.61012,                0.33381,                0.81305,                 1.9642,                0.81543,                0.84367,             0.00072164,             0.00072164,             0.00072164
                    103,                0.91556,                 1.8136,                0.81095,                0.85367,                0.78079,                0.69935,                0.77914,                0.59457,                0.68019,                0.53841,                0.60201,                0.31985,                0.80137,                 1.9407,                0.82116,                0.84116,             0.00071457,             0.00071457,             0.00071457
                    104,                0.89017,                 1.8005,                0.80673,                0.85155,                 0.7831,                0.71137,                0.78648,                0.61336,                 0.6912,                 0.5532,                0.61921,                0.33955,                0.77409,                 1.9696,                 0.8085,                0.83956,              0.0007075,              0.0007075,              0.0007075
                    105,                0.93402,                 1.9308,                0.84113,                0.85088,                0.76664,                0.70544,                 0.7791,                0.59792,                0.66788,                0.55207,                0.61624,                0.33061,                0.84156,                 1.9581,                 0.8235,                 0.8477,             0.00070042,             0.00070042,             0.00070042
                    106,                0.96259,                 1.8772,                 0.8335,                0.85531,                0.75838,                0.70287,                0.77464,                 0.5962,                0.65487,                0.54755,                0.60871,                0.32478,                0.83124,                 1.9634,                 0.8274,                0.84802,             0.00069335,             0.00069335,             0.00069335
                    107,                0.89441,                 1.8425,                0.82015,                0.85057,                0.78766,                0.70342,                 0.7856,                0.61502,                 0.6735,                 0.5604,                 0.6209,                0.34672,                0.76992,                 1.9191,                0.80425,                0.84007,             0.00068628,             0.00068628,             0.00068628
                    108,                0.94259,                 1.8813,                0.82863,                0.85536,                0.78681,                0.70016,                0.78424,                0.60866,                0.67346,                 0.5563,                 0.6141,                0.33672,                0.78235,                 1.8763,                0.80833,                0.84126,              0.0006792,              0.0006792,              0.0006792
                    109,                0.90398,                 1.8158,                0.81952,                0.85343,                0.78701,                0.68141,                0.77541,                0.59734,                0.65946,                0.55958,                0.60931,                0.31816,                0.82067,                 1.9273,                0.82618,                0.84676,             0.00067213,             0.00067213,             0.00067213
                    110,                0.93257,                 1.8364,                0.80858,                 0.8533,                0.77205,                0.70078,                0.78128,                0.61487,                0.68385,                0.56241,                0.62589,                0.34464,                 0.7721,                 1.9269,                0.81422,                0.84073,             0.00066506,             0.00066506,             0.00066506
                    111,                0.90286,                 1.8277,                0.80975,                0.85034,                 0.7694,                0.70882,                0.78207,                0.61421,                 0.6531,                0.56612,                0.61443,                0.33088,                0.76621,                 1.9185,                0.80731,                0.84001,             0.00065798,             0.00065798,             0.00065798
                    112,                 0.9312,                 1.8888,                0.83014,                 0.8573,                  0.763,                0.70681,                0.78264,                0.60458,                0.65658,                0.55514,                0.60765,                0.31916,                0.79622,                 1.9325,                0.81264,                0.84184,             0.00065091,             0.00065091,             0.00065091
                    113,                0.88119,                 1.7881,                0.80141,                0.84792,                0.78766,                0.70044,                0.78709,                0.61702,                0.68239,                 0.5654,                0.62657,                0.34838,                0.77194,                 1.9805,                0.80527,                0.83777,             0.00064384,             0.00064384,             0.00064384
                    114,                 0.9192,                 1.9178,                0.81671,                0.85079,                0.78562,                0.70021,                0.78677,                0.62083,                0.67368,                0.57353,                0.63084,                0.35676,                0.75732,                 1.9934,                0.80626,                0.83683,             0.00063676,             0.00063676,             0.00063676
                    115,                0.87909,                  1.813,                0.80648,                0.85111,                0.76816,                0.68891,                0.77392,                 0.6013,                0.65436,                0.54857,                0.60396,                0.32437,                0.78268,                 1.9659,                0.81687,                0.84172,             0.00062969,             0.00062969,             0.00062969
                    116,                0.96614,                 1.8349,                0.82903,                0.85466,                0.77619,                0.70035,                0.78092,                0.59844,                0.66178,                0.55045,                0.60184,                0.32131,                0.81231,                 1.9714,                0.80906,                0.84273,             0.00062262,             0.00062262,             0.00062262
                    117,                0.88948,                 1.8183,                0.79226,                0.85082,                 0.7815,                0.70957,                0.78527,                0.61193,                0.66438,                0.55645,                0.61211,                0.33576,                 0.7702,                 1.9732,                0.79751,                   0.84,             0.00061554,             0.00061554,             0.00061554
                    118,                0.87493,                 1.7729,                0.79955,                0.84889,                0.79246,                0.70633,                0.78966,                0.62124,                0.66592,                0.55595,                0.61538,                0.33914,                0.75638,                 1.9353,                0.78607,                0.83984,             0.00060847,             0.00060847,             0.00060847
                    119,                0.89984,                 1.8009,                0.79784,                0.84648,                 0.7811,                0.70629,                0.78575,                0.60662,                0.65662,                0.55324,                0.60971,                0.32943,                0.80343,                 1.9411,                 0.7961,                 0.8438,             0.00060139,             0.00060139,             0.00060139
                    120,                 0.8594,                 1.7909,                0.80153,                0.85084,                0.77082,                0.70616,                0.78416,                0.60928,                0.68796,                0.53715,                0.61339,                0.33327,                0.79708,                 1.9242,                0.79573,                0.84484,             0.00059432,             0.00059432,             0.00059432
                    121,                0.88663,                 1.7685,                0.78155,                0.84743,                0.78392,                0.70065,                0.78593,                0.62054,                0.66878,                 0.5532,                0.61376,                0.33231,                0.76245,                 1.9207,                0.79709,                0.84038,             0.00058725,             0.00058725,             0.00058725
                    122,                0.88635,                 1.7732,                0.79117,                0.84884,                0.78083,                0.70508,                0.78634,                0.61795,                0.65782,                0.56635,                0.61862,                0.33305,                0.77048,                 1.9713,                0.80701,                 0.8397,             0.00058017,             0.00058017,             0.00058017
                    123,                 0.8945,                 1.7786,                0.78673,                0.84704,                0.79013,                0.71559,                 0.7948,                0.61947,                0.67664,                0.57634,                0.63457,                0.34032,                0.80001,                 1.9116,                0.79369,                0.84397,              0.0005731,              0.0005731,              0.0005731
                    124,                0.91748,                 1.8254,                0.80962,                0.85068,                 0.7915,                0.70775,                0.79396,                0.62343,                0.67088,                0.57441,                 0.6295,                0.33645,                 0.7725,                 1.8797,                0.78491,                0.84491,             0.00056603,             0.00056603,             0.00056603
                    125,                0.92297,                 1.8333,                0.80811,                0.85181,                0.78023,                0.71331,                0.79031,                0.62007,                0.67124,                0.55561,                0.61732,                0.33299,                0.76018,                 1.9151,                0.78861,                0.84009,             0.00055895,             0.00055895,             0.00055895
                    126,                0.93858,                 1.8469,                0.80064,                0.84594,                0.78529,                0.70687,                0.78835,                0.61823,                0.66533,                0.56038,                0.61583,                0.34124,                0.76314,                 1.9732,                 0.8001,                 0.8374,             0.00055188,             0.00055188,             0.00055188
                    127,                0.87359,                  1.796,                0.78908,                0.84728,                0.77438,                0.67343,                0.75969,                  0.592,                0.66992,                0.54062,                0.60615,                0.32911,                0.79876,                 1.9949,                0.81725,                0.84256,             0.00054481,             0.00054481,             0.00054481
                    128,                0.87719,                 1.7694,                0.78383,                0.85006,                0.77721,                0.67273,                0.76147,                 0.6026,                0.66685,                0.54726,                0.60937,                0.33664,                0.76331,                 1.9621,                0.79795,                0.84149,             0.00053773,             0.00053773,             0.00053773
                    129,                0.90683,                 1.8481,                0.79997,                0.84873,                0.77248,                0.70146,                0.78071,                0.61994,                 0.6737,                0.55022,                0.61327,                0.34718,                0.74533,                 1.9816,                0.80037,                 0.8403,             0.00053066,             0.00053066,             0.00053066
                    130,                0.88823,                 1.8194,                0.79428,                0.85412,                0.77257,                0.70606,                 0.7839,                0.62004,                0.67181,                0.54824,                 0.6115,                0.34273,                0.75143,                 1.9638,                0.80341,                0.84092,             0.00052359,             0.00052359,             0.00052359
                    131,                0.86944,                 1.7603,                 0.7761,                0.84661,                0.78277,                0.71072,                0.78754,                0.60956,                0.66244,                0.56183,                0.61599,                0.32948,                0.79367,                 1.8674,                0.78746,                0.84321,             0.00051651,             0.00051651,             0.00051651
                    132,                0.89527,                 1.7691,                0.78011,                0.84387,                0.77656,                0.71941,                0.78717,                0.61068,                0.65682,                0.57207,                0.62124,                0.33728,                0.79056,                 1.9219,                0.78805,                0.84159,             0.00050944,             0.00050944,             0.00050944
                    133,                0.85715,                 1.7675,                0.77942,                0.84669,                0.78661,                0.71634,                0.78688,                0.61104,                0.66471,                0.56832,                0.62048,                  0.341,                0.76963,                 1.9226,                0.78223,                 0.8404,             0.00050236,             0.00050236,             0.00050236
                    134,                0.89778,                 1.7634,                0.78452,                0.84812,                0.78539,                0.71633,                0.78626,                0.61246,                0.66822,                0.56079,                 0.6168,                0.33656,                0.76938,                 1.9106,                0.78136,                0.84216,             0.00049529,             0.00049529,             0.00049529
                    135,                0.92615,                 1.7889,                0.79466,                0.85389,                0.79125,                 0.7136,                 0.7882,                 0.6147,                0.66855,                0.56126,                0.61575,                0.33818,                0.77857,                 1.9584,                0.77959,                0.84178,             0.00048822,             0.00048822,             0.00048822
                    136,                0.84866,                 1.7865,                0.77621,                0.84763,                 0.7831,                0.70874,                0.78527,                 0.6131,                 0.6853,                0.56233,                0.62143,                0.34121,                0.78813,                 2.0401,                0.80004,                 0.8408,             0.00048114,             0.00048114,             0.00048114
                    137,                0.92216,                 1.7905,                0.79562,                0.84926,                0.78933,                 0.7121,                0.79236,                0.61921,                0.68204,                0.57034,                0.62902,                0.33777,                 0.7836,                 1.9248,                0.78747,                0.84141,             0.00047407,             0.00047407,             0.00047407
                    138,                0.88129,                 1.7505,                0.78759,                0.84737,                0.78941,                0.71357,                0.79556,                0.62339,                0.67218,                0.56864,                0.62717,                0.33428,                0.77635,                 1.8846,                0.77717,                0.84301,               0.000467,               0.000467,               0.000467
                    139,                0.89753,                 1.7859,                0.77531,                0.84341,                0.79279,                0.71216,                 0.7944,                0.62774,                0.67143,                0.55545,                0.61799,                0.34078,                0.75201,                 1.9162,                0.77364,                0.83866,             0.00045992,             0.00045992,             0.00045992
                    140,                 0.9042,                 1.7271,                0.77718,                0.85083,                0.79212,                 0.7151,                0.79349,                0.62109,                0.66128,                0.55646,                0.61269,                0.33715,                0.77748,                  1.955,                0.78452,                 0.8408,             0.00045285,             0.00045285,             0.00045285
                    141,                0.88342,                 1.7203,                0.76204,                 0.8463,                0.78543,                0.71664,                0.79207,                0.62571,                0.68108,                0.54854,                 0.6191,                0.33527,                0.76112,                 1.9241,                0.77206,                0.84183,             0.00044578,             0.00044578,             0.00044578
                    142,                0.86638,                 1.7407,                0.76531,                0.84401,                0.79063,                0.70651,                 0.7909,                 0.6248,                 0.6745,                0.56597,                0.62673,                0.34015,                0.75533,                 1.9149,                 0.7737,                0.84235,              0.0004387,              0.0004387,              0.0004387
                    143,                0.86757,                 1.7384,                0.76705,                0.84522,                0.79221,                0.70648,                0.78948,                0.61397,                0.65989,                0.57567,                0.62025,                0.33629,                0.76078,                 2.1588,                 0.8126,                0.84003,             0.00043163,             0.00043163,             0.00043163
                    144,                0.88432,                 1.7685,                0.77229,                0.84779,                0.77607,                0.70836,                0.78549,                 0.6039,                0.65337,                0.55311,                 0.6044,                0.32232,                0.77968,                  2.122,                0.82247,                0.84135,             0.00042456,             0.00042456,             0.00042456
                    145,                0.87188,                 1.7434,                0.77082,                0.84594,                0.77562,                0.71786,                0.78938,                 0.6136,                0.66484,                0.54453,                 0.6073,                0.32459,                0.77835,                 1.9175,                0.78683,                0.84238,             0.00041748,             0.00041748,             0.00041748
                    146,                 0.8645,                 1.7112,                0.76761,                0.84349,                0.76974,                0.72256,                0.79049,                0.61895,                0.67836,                0.55442,                0.62116,                0.33719,                0.76826,                  1.931,                 0.7782,                0.83969,             0.00041041,             0.00041041,             0.00041041
                    147,                 0.8717,                 1.7253,                 0.7587,                0.84754,                0.77757,                0.72341,                0.79375,                0.62017,                0.67526,                0.56869,                0.62963,                0.34084,                 0.7681,                 1.8986,                0.77196,                0.84017,             0.00040334,             0.00040334,             0.00040334
                    148,                0.84785,                  1.685,                0.75389,                 0.8412,                0.77144,                0.70801,                0.78636,                0.60903,                0.65866,                0.55192,                0.61266,                0.33019,                0.78074,                  1.906,                 0.7873,                0.84234,             0.00039626,             0.00039626,             0.00039626
                    149,                0.85763,                 1.7178,                 0.7713,                0.84543,                0.76344,                0.69988,                0.77648,                0.60116,                0.63079,                0.54837,                0.59511,                 0.3201,                0.78137,                 1.9717,                0.80355,                0.84173,             0.00038919,             0.00038919,             0.00038919
                    150,                0.87696,                  1.766,                0.76674,                0.84678,                 0.7696,                0.71194,                0.78541,                0.60805,                 0.6734,                0.53443,                0.60395,                0.32787,                0.78699,                 1.9572,                0.78357,                0.83987,             0.00038211,             0.00038211,             0.00038211
                    151,                0.88603,                 1.7873,                0.76366,                0.84664,                0.77006,                0.71586,                0.78356,                0.60141,                0.63385,                0.54217,                 0.5906,                0.31402,                0.81487,                 2.0574,                0.79008,                0.84276,             0.00037504,             0.00037504,             0.00037504
                    152,                0.87062,                 1.7967,                0.77493,                0.84201,                0.76891,                 0.7166,                0.78146,                0.60278,                0.61143,                0.53702,                0.57478,                0.30377,                0.80513,                 2.0552,                0.79822,                0.84392,             0.00036797,             0.00036797,             0.00036797
                    153,                0.91317,                 1.7931,                  0.793,                0.84576,                0.77367,                0.71248,                0.78889,                0.60759,                0.65203,                0.54033,                0.59939,                0.31211,                0.80386,                 1.9351,                0.78105,                0.84712,             0.00036089,             0.00036089,             0.00036089
                    154,                0.86878,                 1.7117,                0.76226,                0.84601,                0.76827,                0.70022,                0.78085,                0.60854,                0.65853,                0.54594,                 0.6059,                0.32064,                0.78189,                 1.9592,                0.79525,                0.84522,             0.00035382,             0.00035382,             0.00035382
                    155,                0.86096,                 1.7365,                0.76246,                0.84305,                0.77551,                0.70603,                 0.7835,                0.61836,                0.66841,                0.56718,                 0.6201,                0.33605,                0.75185,                 2.0501,                  0.804,                0.83858,             0.00034675,             0.00034675,             0.00034675
                    156,                0.90462,                 1.7591,                0.77182,                0.84858,                0.79512,                0.70474,                0.78991,                0.62087,                0.67214,                0.57098,                0.62396,                0.33905,                0.76765,                 2.0061,                0.78772,                 0.8385,             0.00033967,             0.00033967,             0.00033967
                    157,                0.86249,                 1.8087,                0.76433,                0.84288,                0.78929,                0.72032,                0.79215,                0.61329,                0.66365,                0.54765,                0.60896,                0.32685,                0.79279,                 1.9043,                0.76978,                 0.8408,              0.0003326,              0.0003326,              0.0003326
                    158,                0.84842,                  1.635,                0.75492,                0.84721,                0.78485,                0.71554,                0.78945,                0.60963,                0.65307,                0.54597,                0.60336,                0.32297,                0.79453,                 1.8812,                0.76936,                0.84231,             0.00032553,             0.00032553,             0.00032553
                    159,                0.88176,                 1.6759,                0.75112,                0.84773,                0.76979,                0.70878,                0.78408,                0.61683,                0.63761,                0.55911,                0.60803,                0.33113,                0.75631,                 1.8759,                0.77073,                0.84029,             0.00031845,             0.00031845,             0.00031845
                    160,                0.81563,                 1.6046,                0.72718,                0.84228,                0.76876,                0.70234,                0.78261,                0.62176,                0.64296,                0.55827,                0.61166,                0.33915,                 0.7418,                 1.9314,                0.78459,                0.83832,             0.00031138,             0.00031138,             0.00031138
                    161,                0.82743,                 1.7288,                0.75249,                 0.8413,                 0.7687,                0.70767,                0.78453,                0.61773,                0.66234,                0.56437,                0.62304,                 0.3425,                0.76735,                 2.0387,                0.80435,                0.83834,             0.00030431,             0.00030431,             0.00030431
                    162,                0.89243,                 1.6933,                0.75589,                0.84645,                0.77673,                0.71423,                0.78889,                0.61548,                0.66741,                0.55943,                0.61869,                0.33357,                0.78454,                 2.0071,                0.79676,                0.84004,             0.00029723,             0.00029723,             0.00029723
                    163,                 0.8511,                 1.6789,                0.74976,                0.84596,                0.78378,                0.71936,                0.79315,                0.61382,                0.65119,                0.56063,                0.61256,                0.32734,                0.78136,                 1.8988,                0.77587,                0.84069,             0.00029016,             0.00029016,             0.00029016
                    164,                0.84185,                 1.6813,                0.75027,                0.84286,                0.78411,                0.72051,                0.79235,                0.61849,                0.66395,                0.56427,                0.62053,                0.33718,                0.75861,                 1.8826,                0.76909,                0.83897,             0.00028308,             0.00028308,             0.00028308
                    165,                0.85659,                 1.6333,                0.73984,                0.84445,                 0.7865,                0.72234,                0.79378,                0.62375,                0.68123,                0.57154,                0.62992,                0.34923,                0.75032,                 1.9459,                0.76985,                0.83758,             0.00027601,             0.00027601,             0.00027601
                    166,                0.85154,                 1.7223,                0.74589,                0.84171,                0.79027,                0.72096,                0.79462,                0.62197,                 0.6801,                0.57072,                0.62974,                 0.3452,                0.76051,                 1.9345,                0.77274,                0.83885,             0.00026894,             0.00026894,             0.00026894
                    167,                0.87491,                 1.6849,                 0.7444,                0.84199,                0.77861,                0.71319,                0.78918,                0.61565,                 0.6594,                0.55052,                0.60809,                0.32402,                0.77544,                 1.9484,                0.78179,                 0.8424,             0.00026186,             0.00026186,             0.00026186
                    168,                0.85089,                 1.7072,                0.74208,                0.84071,                 0.7766,                0.71068,                0.78852,                0.61906,                0.64988,                0.55587,                0.60738,                0.32713,                0.76833,                 1.9621,                0.78144,                0.84162,             0.00025479,             0.00025479,             0.00025479
                    169,                0.86324,                 1.6548,                0.74233,                0.84057,                0.77475,                0.70621,                0.78699,                0.62597,                0.67461,                0.55331,                0.62125,                0.34571,                0.74076,                 1.9801,                0.77544,                0.83787,             0.00024772,             0.00024772,             0.00024772
                    170,                0.86991,                 1.6484,                0.74343,                0.83975,                0.78001,                0.71513,                0.79088,                0.62795,                0.68641,                0.55417,                0.62501,                0.34943,                0.74221,                  1.986,                 0.7674,                0.83716,             0.00024064,             0.00024064,             0.00024064
                    171,                  0.839,                 1.6533,                0.73127,                0.84022,                0.78637,                0.71769,                0.79157,                 0.6221,                0.66198,                0.55714,                0.61278,                0.33636,                0.75944,                    1.9,                0.76092,                0.83809,             0.00023357,             0.00023357,             0.00023357
                    172,                0.80971,                 1.6952,                0.73068,                 0.8342,                0.78226,                0.71611,                0.78999,                0.61603,                0.65354,                0.53702,                0.59993,                0.32561,                0.76785,                  1.902,                0.76555,                0.84017,              0.0002265,              0.0002265,              0.0002265
                    173,                0.84553,                 1.6394,                0.73179,                 0.8412,                0.77533,                0.71838,                0.78874,                 0.6149,                0.64669,                0.54428,                0.59916,                0.32343,                 0.7589,                 1.9389,                0.77109,                 0.8397,             0.00021942,             0.00021942,             0.00021942
                    174,                 0.8793,                 1.7317,                0.74209,                0.84076,                0.77665,                0.71789,                0.78933,                0.61798,                0.65515,                0.55559,                0.61058,                0.33212,                0.74856,                 1.9538,                0.77103,                0.83798,             0.00021235,             0.00021235,             0.00021235
                    175,                0.84593,                 1.6571,                0.74038,                0.84392,                0.78446,                0.71858,                0.79437,                0.62307,                0.67295,                0.56345,                0.62256,                0.34147,                0.75521,                 1.9388,                0.75996,                0.83939,             0.00020528,             0.00020528,             0.00020528
                    176,                0.81749,                 1.6537,                0.73463,                0.84522,                0.78819,                 0.7214,                0.79664,                0.62633,                0.67813,                0.56412,                0.62459,                 0.3403,                0.75834,                 1.8997,                0.75456,                0.84036,              0.0001982,              0.0001982,              0.0001982
                    177,                0.86905,                 1.6623,                0.73884,                0.84084,                0.77837,                0.72622,                0.79426,                0.62151,                0.66405,                0.55284,                0.61565,                0.32959,                0.77343,                 1.8714,                 0.7589,                0.84312,             0.00019113,             0.00019113,             0.00019113
                    178,                0.81879,                 1.6733,                0.72988,                0.83827,                0.78534,                0.71515,                0.79244,                0.62254,                0.65913,                0.55322,                 0.6119,                0.32986,                0.76049,                 1.8857,                0.76057,                0.84202,             0.00018406,             0.00018406,             0.00018406
                    179,                0.83626,                 1.6123,                0.73343,                0.84423,                0.78496,                 0.7078,                0.78911,                0.62324,                0.66211,                0.56058,                0.61642,                0.33866,                0.74586,                 1.9725,                0.77426,                0.83907,             0.00017698,             0.00017698,             0.00017698
                    180,                0.84265,                 1.6625,                0.73618,                0.84231,                0.78418,                0.70519,                0.78617,                0.62042,                0.67034,                 0.5567,                0.61515,                0.33895,                0.75052,                 1.9713,                 0.7763,                0.83831,             0.00016991,             0.00016991,             0.00016991
                    181,                0.85409,                 1.6705,                0.74533,                0.84397,                0.78336,                0.70662,                0.78668,                0.61864,                0.65843,                0.55773,                0.61389,                 0.3357,                0.76143,                 1.9105,                0.76497,                0.84026,             0.00016283,             0.00016283,             0.00016283
                    182,                0.85345,                 1.6402,                0.73508,                0.83837,                0.78212,                 0.7091,                0.78666,                0.61944,                0.66274,                0.55639,                0.61377,                0.33388,                0.76161,                 1.9037,                0.76139,                0.84131,             0.00015576,             0.00015576,             0.00015576
                    183,                0.86013,                 1.6388,                0.73518,                0.84183,                0.79026,                0.70719,                0.78935,                0.62464,                 0.6738,                0.55142,                0.61629,                0.33464,                0.74782,                 1.9253,                0.75917,                0.84003,             0.00014869,             0.00014869,             0.00014869
                    184,                0.84628,                  1.666,                 0.7336,                 0.8405,                0.79169,                0.70916,                0.79189,                 0.6276,                0.68163,                0.54639,                0.61751,                0.33659,                0.74221,                 1.9464,                0.76112,                0.83868,             0.00014161,             0.00014161,             0.00014161
                    185,                0.87064,                 1.6748,                0.74082,                0.84116,                0.79036,                0.71683,                0.79584,                0.62482,                0.67314,                0.55315,                0.61567,                0.33397,                0.75351,                 1.9675,                0.76203,                0.83809,             0.00013454,             0.00013454,             0.00013454
                    186,                0.86963,                 1.6386,                0.73702,                0.83869,                0.79103,                 0.7212,                0.79733,                0.62326,                0.66316,                0.55344,                0.61147,                0.32989,                 0.7614,                 1.9583,                0.76015,                0.83849,             0.00012747,             0.00012747,             0.00012747
                    187,                 0.8664,                 1.6755,                0.73491,                0.84018,                0.78053,                0.72612,                0.79632,                0.61951,                0.67201,                0.54012,                0.60664,                 0.3227,                0.77191,                 1.9291,                 0.7577,                0.84047,             0.00012039,             0.00012039,             0.00012039
                    188,                0.84646,                 1.6469,                0.73607,                0.83897,                0.78433,                0.72159,                0.79522,                0.61955,                0.67049,                0.54901,                0.61202,                0.32631,                0.76945,                 1.9194,                0.75767,                0.84101,             0.00011332,             0.00011332,             0.00011332
                    189,                 0.8556,                 1.5934,                  0.727,                0.84264,                0.79344,                0.71423,                0.79447,                0.62421,                 0.6703,                0.55959,                0.62002,                0.33808,                0.75369,                 1.9292,                0.75348,                0.83936,             0.00010625,             0.00010625,             0.00010625
                    190,                0.82236,                 1.6277,                0.72593,                0.84338,                0.79247,                0.71765,                0.79453,                 0.6254,                0.66972,                0.56619,                0.62432,                0.34333,                0.75238,                 1.9483,                 0.7539,                 0.8391,             9.9173e-05,             9.9173e-05,             9.9173e-05
                    191,                0.81755,                  1.612,                0.75839,                 0.8328,                0.79131,                0.71141,                0.79028,                0.62234,                0.65915,                 0.5697,                0.62161,                0.34225,                0.74891,                 1.9799,                0.76791,                0.83825,             9.2099e-05,             9.2099e-05,             9.2099e-05
                    192,                0.81643,                 1.6386,                0.77383,                0.83513,                0.78552,                0.71278,                0.78671,                0.61978,                0.66121,                0.56994,                0.61908,                0.34156,                0.74721,                 1.9899,                0.77711,                0.83885,             8.5026e-05,             8.5026e-05,             8.5026e-05
                    193,                0.76585,                 1.5606,                0.71684,                0.83137,                0.78194,                0.70584,                0.78248,                0.61902,                0.65247,                0.56302,                0.61099,                0.33897,                0.74544,                 1.9544,                0.77817,                0.83981,             7.7952e-05,             7.7952e-05,             7.7952e-05
                    194,                0.82217,                 1.5864,                0.73971,                0.83041,                0.78115,                 0.7062,                0.78152,                0.61708,                0.65481,                0.55431,                0.60721,                0.33692,                0.74796,                 1.9425,                0.77848,                0.83898,             7.0878e-05,             7.0878e-05,             7.0878e-05
                    195,                0.83283,                 1.6403,                0.77073,                0.83639,                0.77136,                0.70677,                 0.7792,                0.61142,                0.65816,                 0.5411,                 0.6006,                  0.332,                0.76274,                 1.9384,                0.78195,                0.84072,             6.3805e-05,             6.3805e-05,             6.3805e-05
                    196,                0.81208,                 1.6038,                0.73971,                0.82966,                0.77357,                0.70573,                0.77965,                0.61168,                0.65504,                0.54306,                0.60127,                0.33235,                0.76619,                 1.9399,                0.78363,                0.84094,             5.6731e-05,             5.6731e-05,             5.6731e-05
                    197,                0.78681,                 1.5943,                0.72775,                0.83472,                0.76775,                 0.7106,                0.77956,                0.61225,                0.65206,                0.54524,                0.60373,                0.33476,                0.76998,                 1.9412,                0.78392,                0.84239,             4.9658e-05,             4.9658e-05,             4.9658e-05
                    198,                0.82227,                 1.6339,                0.74493,                0.83288,                0.76965,                0.70918,                0.77964,                0.61233,                0.65793,                 0.5466,                0.60785,                0.33604,                 0.7703,                 1.9574,                0.78462,                 0.8424,             4.2584e-05,             4.2584e-05,             4.2584e-05
                    199,                0.81488,                  1.586,                0.74298,                0.83564,                0.77105,                0.71025,                0.78115,                0.61414,                0.65821,                0.55274,                0.61344,                0.33872,                0.76799,                 1.9788,                0.78521,                0.84238,             3.5511e-05,             3.5511e-05,             3.5511e-05
                    200,                0.79675,                 1.5781,                0.71668,                0.83211,                0.77307,                0.71106,                0.78276,                0.61616,                0.66756,                0.55178,                0.61623,                 0.3402,                0.76376,                 1.9872,                0.78374,                0.84211,             2.8437e-05,             2.8437e-05,             2.8437e-05
